Status,Solve,Objval
OPTIMAL,20.67286992073059,8.118508816907328e7
