Costs,Total,Zone1
cTotal,2.5013332937812653e8,2.5013332937814358e8
cFix,7.744384266633649e7,7.744384266633649e7
cVar,1.7268948669958135e8,1.7268948669959387e8
cNSE,0.012213232953877912,0.012213232953877894
cStart,0.0,0.0
cUnmetRsv,0.0,-
cNetworkExp,0.0,-
