Status,Solve,Objval
OPTIMAL,20.093916177749634,2.5013332937812653e8
