Region,Resource,Zone,Cluster,CapRes_1,AnnualSum
SD,onshore_wind,1,1,1.960968712034823e8,1.960968712034823e8
SD,solar_pv_sat,1,1,3.341373238388153e8,3.341373238388153e8
SD,solar_btm,1,1,1.654486016774296e6,1.654486016774296e6
SD,solar_btm_curt,1,1,418387.619315082,418387.619315082
SD,hydro,1,1,3.584969159476678e7,3.584969159476678e7
SD,battery4,1,1,-1.5743010443183407e8,-1.5743010443183407e8
SD,battery8,1,1,1.1004610867554548e9,1.1004610867554548e9
SD,pumped_hydro,1,1,-0.00016364003479489244,-0.00016364003479489244
