Status,Solve,Objval
OPTIMAL,18.653634071350098,1.190338388729044e9
