{
	"wind_resource_model_choice" : 0,
	"wind_resource_filename" : "C:/Users/fwagg/SAM Downloaded Weather Files/lat32.72_lon-116.26__2012_120m.srw",
	"wind_resource_distribution" : [ [ 3.1185,  45,  0.0344 ], [ 9.1355000000000004, 45,  0.0172 ], [ 15.1525, 45,  0.000457 ], [ 21.169499999999999, 45,  0 ], [ 3.1185, 135,  0.046800000000000001 ], [ 9.1355000000000004, 135,  0.0591 ], [ 15.1525, 135,  0.0032000000000000002 ], [ 21.169499999999999, 135,  0.00011400000000000001 ], [ 3.1185, 225,  0.063799999999999996 ], [ 9.1355000000000004, 225,  0.28199999999999997 ], [ 15.1525, 225,  0.26300000000000001 ], [ 21.169499999999999, 225,  0.0487 ], [ 3.1185, 315,  0.062399999999999997 ], [ 9.1355000000000004, 315,  0.0974 ], [ 15.1525, 315,  0.020500000000000001 ], [ 21.169499999999999, 315,  0.0010300000000000001 ] ],
	"weibull_reference_height" : 50,
	"weibull_k_factor" : 2,
	"weibull_wind_speed" : 7.25,
	"wind_resource_shear" : 0.14000000000000001,
	"wind_turbine_rotor_diameter" : 128,
	"wind_turbine_powercurve_windspeeds" : [ 1, 2, 3, 4, 5, 6, 7, 8, 9, 10, 11, 12, 13, 14, 15, 16, 17, 18, 19, 20, 21, 22, 23, 24, 25, 26, 27, 28, 29, 30 ],
	"wind_turbine_powercurve_powerout" : [ 0, 0, 0, 222, 444, 777, 1206, 1857, 2603, 3460, 4158, 4412, 4500, 4500, 4500, 4500, 4500, 4500, 4380, 4238, 4063, 3873, 3666, 3444, 3285, 3047, 2857, 0, 0, 0 ],
	"wind_turbine_hub_ht" : 120,
	"wind_turbine_max_cp" : 0.45000000000000001,
	"wind_farm_wake_model" : 1,
	"wind_resource_turbulence_coeff" : 0.10000000000000001,
	"system_capacity" : 139500,
	"wind_farm_xCoordinates" : [ 0, 1024, 2048, 3072, 4096, 5120, 6144, 7168, 8192, 9216, 10240, 11264, 12288, 13312, 14336, 15360, 16384, 17408, 18432, 19456, 20480, 21504, 22528, 23552, 24576, 25600, 26624, 27648, 28672, 29696, 30720 ],
	"wind_farm_yCoordinates" : [ 0, 0, 0, 0, 0, 0, 0, 0, 0, 0, 0, 0, 0, 0, 0, 0, 0, 0, 0, 0, 0, 0, 0, 0, 0, 0, 0, 0, 0, 0, 0 ],
	"wake_int_loss" : 0,
	"wake_ext_loss" : 1.1000000000000001,
	"wake_future_loss" : 0,
	"avail_bop_loss" : 0.5,
	"avail_grid_loss" : 1.5,
	"avail_turb_loss" : 1.5800000000000001,
	"elec_eff_loss" : 1.9099999999999999,
	"elec_parasitic_loss" : 0.10000000000000001,
	"env_degrad_loss" : 1.8,
	"env_exposure_loss" : 0,
	"env_env_loss" : 0.40000000000000002,
	"env_icing_loss" : 0,
	"ops_env_loss" : 1,
	"ops_grid_loss" : 0.83999999999999997,
	"ops_load_loss" : 0,
	"ops_strategies_loss" : 0,
	"turb_generic_loss" : 1.7,
	"turb_hysteresis_loss" : 0.40000000000000002,
	"turb_perf_loss" : 1.1000000000000001,
	"turb_specific_loss" : 0.81000000000000005,
	"constant" : 0,
	"total_uncert" : 12.085000000000001
}
