Costs,Total,Zone1
cTotal,1.7839933332219937e8,1.7839933332218146e8
cFix,1.7285054323984608e8,1.7285054323984608e8
cVar,3.7738158151481156e6,3.773815815153017e6
cNSE,1.7749742671823353e6,1.7749742671823357e6
cStart,0.0,0.0
cUnmetRsv,0.0,-
cNetworkExp,0.0,-
