Status,Solve,Objval
OPTIMAL,398.4564731121063,1.7839933332219937e8
