Costs,Total,Zone1
cTotal,3.8687119377575326e8,3.8687119377575344e8
cFix,3.8574954878423154e8,3.8574954878423154e8
cVar,1.1216449915218833e6,1.121644991521882e6
cNSE,0.0,0.0
cStart,0.0,0.0
cUnmetRsv,0.0,-
cNetworkExp,0.0,-
