Status,Solve,Objval
OPTIMAL,108.23256206512451,3.8687119377575326e8
