Costs,Total,Zone1
cTotal,1.2050079708175783e9,1.205007970817577e9
cFix,1.2028943540694437e9,1.2028943540694437e9
cVar,2.113616748129479e6,2.1136167481294284e6
cNSE,3.8893684837336835e-6,3.889368483733687e-6
cStart,0.0,0.0
cUnmetRsv,0.0,-
cNetworkExp,0.0,-
