Status,Solve,Objval
OPTIMAL,391.00166606903076,1.4802863109261353e9
