Costs,Total,Zone1
cTotal,3.3208310412642336e9,3.320831041264231e9
cFix,3.318430205861454e9,3.318430205861454e9
cVar,2.4008354027773887e6,2.4008354027773878e6
cNSE,0.0,0.0
cStart,0.0,0.0
cUnmetRsv,0.0,-
cNetworkExp,0.0,-
