Status,Solve,Objval
OPTIMAL,16064.567742824554,1.806716532654846e8
