Costs,Total,Zone1
cTotal,1.2050079708175464e9,1.205007970817546e9
cFix,1.20289435406944e9,1.20289435406944e9
cVar,2.1136167481053276e6,2.1136167481055516e6
cNSE,1.3923568302117554e-7,1.392356830211757e-7
cStart,0.0,0.0
cUnmetRsv,0.0,-
cNetworkExp,0.0,-
