Status,Solve,Objval
OPTIMAL,11.958117961883545,1.2050079708175464e9
