Status,Solve,Objval
OPTIMAL,1.4761271476745605,1.4547328267267011e7
