Status,Solve,Objval
OPTIMAL,124.59318399429321,3.3208310412642336e9
