Status,Solve,Objval
OPTIMAL,323.9507598876953,5.952993624278179e7
