Status,Solve,Objval
OPTIMAL,29.376159191131592,1.3228976407562909e8
