Status,Solve,Objval
OPTIMAL,9.42133903503418,1.190795588728452e9
