Status,Solve,Objval
OPTIMAL,20.58855700492859,2.495684070090145e8
