Status,Solve,Objval
OPTIMAL,80.26186084747314,3.862528289727923e8
