Status,Solve,Objval
OPTIMAL,15.908624172210693,2.935729612709044e8
