Costs,Total,Zone1
cTotal,8.053703478602047e7,8.053703478602232e7
cFix,7.444556989275084e7,7.444556989275084e7
cVar,4.391102336221963e6,4.391102336221477e6
cNSE,1.7003625570499888e6,1.7003625570499867e6
cStart,0.0,0.0
cUnmetRsv,0.0,-
cNetworkExp,0.0,-
