Status,Solve,Objval
OPTIMAL,28.94351100921631,8.053703478602047e7
