Costs,Total,Zone1
cTotal,1.190795588728452e9,1.1907955887284515e9
cFix,1.188682861891274e9,1.188682861891274e9
cVar,2.112726837172809e6,2.1127268371728417e6
cNSE,4.505295314533555e-6,4.505295314533549e-6
cStart,0.0,0.0
cUnmetRsv,0.0,-
cNetworkExp,0.0,-
