Costs,Total,Zone1
cTotal,1.190338388729044e9,1.190338388729079e9
cFix,1.1882256618916564e9,1.1882256618916564e9
cVar,2.1127268373324517e6,2.112726837332462e6
cNSE,9.026163974947832e-5,9.026163974947809e-5
cStart,0.0,0.0
cUnmetRsv,0.0,-
cNetworkExp,0.0,-
