Status,Solve,Objval
OPTIMAL,9.241061925888062,1.2050079708175783e9
