Status,Solve,Objval
OPTIMAL,0.4462471008300781,2.2533385905747932e8
