Status,Solve,Objval
OPTIMAL,96.541433095932,3.871762796907813e8
